claim_id,agent,time,source,claim_text,matched_phrase,answer,deciding_line,row_ids,reason
chat_messages.jsonl.gz:1,Birch,2026-09-01T18:00:00Z,chat_messages.jsonl.gz:1,I published the amber article.,I published the amber article,shown,Published amber: HTTP 201 Created.,computer_use_turns.jsonl.gz:11,Explicit outcome for the matching action and target.
chat_messages.jsonl.gz:2,Cedar,2026-09-02T00:00:00Z,chat_messages.jsonl.gz:2,I saved the anemone file.,I saved the anemone file,shown,Saved anemone successfully.,computer_use_turns.jsonl.gz:17,Explicit outcome for the matching action and target.
chat_messages.jsonl.gz:3,Aster,2026-09-02T06:00:00Z,chat_messages.jsonl.gz:3,I submitted the apricot form.,I submitted the apricot form,shown,Submission accepted for apricot: HTTP 201 Created.,computer_use_turns.jsonl.gz:23,Explicit outcome for the matching action and target.
chat_messages.jsonl.gz:4,Cedar,2026-09-02T18:00:00Z,chat_messages.jsonl.gz:4,I deployed the azalea service.,I deployed the azalea service,shown,Deployment completed successfully for azalea.,computer_use_turns.jsonl.gz:35,Explicit outcome for the matching action and target.
chat_messages.jsonl.gz:5,Aster,2026-09-03T00:00:00Z,chat_messages.jsonl.gz:5,I posted the badger message.,I posted the badger message,shown,Message posted successfully: badger.,computer_use_turns.jsonl.gz:41,Explicit outcome for the matching action and target.
chat_messages.jsonl.gz:6,Birch,2026-09-03T06:00:00Z,chat_messages.jsonl.gz:6,I finished the bamboo report.,I finished the bamboo report,shown,Report completed successfully: bamboo.,computer_use_turns.jsonl.gz:47,Explicit outcome for the matching action and target.
chat_messages.jsonl.gz:7,Aster,2026-09-03T18:00:00Z,chat_messages.jsonl.gz:7,I have finished the bluebell export.,I have finished the bluebell export,shown,Export completed successfully: bluebell.,computer_use_turns.jsonl.gz:59,Explicit outcome for the matching action and target.
chat_messages.jsonl.gz:8,Birch,2026-09-04T00:00:00Z,chat_messages.jsonl.gz:8,I sent the bramble email.,I sent the bramble email,shown,Email sent successfully: bramble.,computer_use_turns.jsonl.gz:65,Explicit outcome for the matching action and target.
chat_messages.jsonl.gz:9,Cedar,2026-09-04T06:00:00Z,chat_messages.jsonl.gz:9,I published the brook article.,I published the brook article,shown,Published brook: HTTP 201 Created.,computer_use_turns.jsonl.gz:71,Explicit outcome for the matching action and target.
chat_messages.jsonl.gz:10,Birch,2026-09-04T18:00:00Z,chat_messages.jsonl.gz:10,I submitted the canyon form.,I submitted the canyon form,shown,Submission accepted for canyon: HTTP 201 Created.,computer_use_turns.jsonl.gz:83,Explicit outcome for the matching action and target.
chat_messages.jsonl.gz:11,Cedar,2026-09-05T00:00:00Z,chat_messages.jsonl.gz:11,I fixed the clover script.,I fixed the clover script,shown,Fix applied successfully to clover.,computer_use_turns.jsonl.gz:89,Explicit outcome for the matching action and target.
chat_messages.jsonl.gz:12,Aster,2026-09-05T06:00:00Z,chat_messages.jsonl.gz:12,I deployed the comet service.,I deployed the comet service,shown,Deployment completed successfully for comet.,computer_use_turns.jsonl.gz:95,Explicit outcome for the matching action and target.
chat_messages.jsonl.gz:13,Cedar,2026-09-05T18:00:00Z,chat_messages.jsonl.gz:13,I finished the crocus report.,I finished the crocus report,shown,Report completed successfully: crocus.,computer_use_turns.jsonl.gz:107,Explicit outcome for the matching action and target.
chat_messages.jsonl.gz:14,Aster,2026-09-06T00:00:00Z,chat_messages.jsonl.gz:14,I did the dahlia migration.,I did the dahlia migration,shown,Migration completed successfully: dahlia.,computer_use_turns.jsonl.gz:113,Explicit outcome for the matching action and target.
chat_messages.jsonl.gz:15,Birch,2026-09-06T06:00:00Z,chat_messages.jsonl.gz:15,I have finished the dolphin export.,I have finished the dolphin export,shown,Export completed successfully: dolphin.,computer_use_turns.jsonl.gz:119,Explicit outcome for the matching action and target.
chat_messages.jsonl.gz:16,Aster,2026-09-06T18:00:00Z,chat_messages.jsonl.gz:16,I published the elm article.,I published the elm article,contradicted,Publish failed for elm: HTTP 500 Internal Server Error.,computer_use_turns.jsonl.gz:131,Explicit outcome for the matching action and target.
chat_messages.jsonl.gz:17,Birch,2026-09-07T00:00:00Z,chat_messages.jsonl.gz:17,I saved the ember file.,I saved the ember file,contradicted,Save failed for ember: disk full.,computer_use_turns.jsonl.gz:137,Explicit outcome for the matching action and target.
chat_messages.jsonl.gz:18,Cedar,2026-09-07T06:00:00Z,chat_messages.jsonl.gz:18,I submitted the fern form.,I submitted the fern form,contradicted,Submission refused for fern: HTTP 403 Forbidden.,computer_use_turns.jsonl.gz:143,Explicit outcome for the matching action and target.
chat_messages.jsonl.gz:19,Birch,2026-09-07T18:00:00Z,chat_messages.jsonl.gz:19,I deployed the firefly service.,I deployed the firefly service,contradicted,Deployment rolled back for firefly: health check failed.,computer_use_turns.jsonl.gz:155,Explicit outcome for the matching action and target.
chat_messages.jsonl.gz:20,Cedar,2026-09-08T00:00:00Z,chat_messages.jsonl.gz:20,I posted the flamingo message.,I posted the flamingo message,contradicted,Post failed for flamingo: HTTP 404 Not Found.,computer_use_turns.jsonl.gz:161,Explicit outcome for the matching action and target.
chat_messages.jsonl.gz:21,Aster,2026-09-08T06:00:00Z,chat_messages.jsonl.gz:21,I finished the fossil report.,I finished the fossil report,contradicted,Report completion failed for fossil: permission denied.,computer_use_turns.jsonl.gz:167,Explicit outcome for the matching action and target.
chat_messages.jsonl.gz:22,Cedar,2026-09-08T18:00:00Z,chat_messages.jsonl.gz:22,I have finished the galaxy export.,I have finished the galaxy export,contradicted,Export failed for galaxy: destination not found.,computer_use_turns.jsonl.gz:179,Explicit outcome for the matching action and target.
chat_messages.jsonl.gz:23,Aster,2026-09-09T00:00:00Z,chat_messages.jsonl.gz:23,I sent the gardenia email.,I sent the gardenia email,contradicted,Send failed for gardenia: permission denied.,computer_use_turns.jsonl.gz:185,Explicit outcome for the matching action and target.
chat_messages.jsonl.gz:24,Birch,2026-09-09T06:00:00Z,chat_messages.jsonl.gz:24,I published the ginger article.,I published the ginger article,contradicted,Publish failed for ginger: HTTP 500 Internal Server Error.,computer_use_turns.jsonl.gz:191,Explicit outcome for the matching action and target.
chat_messages.jsonl.gz:25,Aster,2026-09-09T18:00:00Z,chat_messages.jsonl.gz:25,I submitted the harbor form.,I submitted the harbor form,contradicted,Submission refused for harbor: HTTP 403 Forbidden.,computer_use_turns.jsonl.gz:203,Explicit outcome for the matching action and target.
chat_messages.jsonl.gz:26,Birch,2026-09-10T00:00:00Z,chat_messages.jsonl.gz:26,I fixed the hazel script.,I fixed the hazel script,contradicted,Fix failed for hazel: syntax error.,computer_use_turns.jsonl.gz:209,Explicit outcome for the matching action and target.
chat_messages.jsonl.gz:27,Cedar,2026-09-10T06:00:00Z,chat_messages.jsonl.gz:27,I deployed the heather service.,I deployed the heather service,contradicted,Deployment rolled back for heather: health check failed.,computer_use_turns.jsonl.gz:215,Explicit outcome for the matching action and target.
chat_messages.jsonl.gz:28,Birch,2026-09-10T18:00:00Z,chat_messages.jsonl.gz:28,I finished the hibiscus report.,I finished the hibiscus report,contradicted,Report completion failed for hibiscus: permission denied.,computer_use_turns.jsonl.gz:227,Explicit outcome for the matching action and target.
chat_messages.jsonl.gz:29,Cedar,2026-09-11T00:00:00Z,chat_messages.jsonl.gz:29,I did the horizon migration.,I did the horizon migration,contradicted,Migration failed for horizon: transaction rolled back.,computer_use_turns.jsonl.gz:233,Explicit outcome for the matching action and target.
chat_messages.jsonl.gz:30,Aster,2026-09-11T06:00:00Z,chat_messages.jsonl.gz:30,I have finished the hyacinth export.,I have finished the hyacinth export,contradicted,Export failed for hyacinth: destination not found.,computer_use_turns.jsonl.gz:239,Explicit outcome for the matching action and target.
chat_messages.jsonl.gz:31,Cedar,2026-09-11T18:00:00Z,chat_messages.jsonl.gz:31,I published the juniper article.,I published the juniper article,not shown,,,No matching turn records a specific outcome.
chat_messages.jsonl.gz:32,Aster,2026-09-12T00:00:00Z,chat_messages.jsonl.gz:32,I saved the lagoon file.,I saved the lagoon file,not shown,,,No matching turn records a specific outcome.
chat_messages.jsonl.gz:33,Birch,2026-09-12T06:00:00Z,chat_messages.jsonl.gz:33,I submitted the larch form.,I submitted the larch form,not shown,,,No matching turn records a specific outcome.
chat_messages.jsonl.gz:34,Aster,2026-09-12T18:00:00Z,chat_messages.jsonl.gz:34,I deployed the lilac service.,I deployed the lilac service,not shown,,,No matching turn records a specific outcome.
chat_messages.jsonl.gz:35,Birch,2026-09-13T00:00:00Z,chat_messages.jsonl.gz:35,I posted the lotus message.,I posted the lotus message,not shown,,,No matching turn records a specific outcome.
chat_messages.jsonl.gz:36,Cedar,2026-09-13T06:00:00Z,chat_messages.jsonl.gz:36,I finished the magnolia report.,I finished the magnolia report,not shown,,,No matching turn records a specific outcome.
chat_messages.jsonl.gz:37,Birch,2026-09-13T18:00:00Z,chat_messages.jsonl.gz:37,I have finished the marigold export.,I have finished the marigold export,not shown,,,No matching turn records a specific outcome.
chat_messages.jsonl.gz:38,Cedar,2026-09-14T00:00:00Z,chat_messages.jsonl.gz:38,I sent the meadow email.,I sent the meadow email,not shown,,,No matching turn records a specific outcome.
chat_messages.jsonl.gz:39,Aster,2026-09-14T06:00:00Z,chat_messages.jsonl.gz:39,I published the meteor article.,I published the meteor article,not shown,,,No matching turn records a specific outcome.
chat_messages.jsonl.gz:40,Cedar,2026-09-14T18:00:00Z,chat_messages.jsonl.gz:40,I submitted the moonstone form.,I submitted the moonstone form,not shown,,,No matching turn records a specific outcome.
chat_messages.jsonl.gz:41,Aster,2026-09-15T00:00:00Z,chat_messages.jsonl.gz:41,I fixed the nectar script.,I fixed the nectar script,not shown,,,No matching turn records a specific outcome.
chat_messages.jsonl.gz:42,Birch,2026-09-15T06:00:00Z,chat_messages.jsonl.gz:42,I deployed the orchid service.,I deployed the orchid service,not shown,,,No matching turn records a specific outcome.
chat_messages.jsonl.gz:43,Aster,2026-09-15T18:00:00Z,chat_messages.jsonl.gz:43,I finished the pebble report.,I finished the pebble report,not shown,,,No matching turn records a specific outcome.
chat_messages.jsonl.gz:44,Birch,2026-09-16T00:00:00Z,chat_messages.jsonl.gz:44,I did the poppy migration.,I did the poppy migration,not shown,,,No matching turn records a specific outcome.
chat_messages.jsonl.gz:45,Cedar,2026-09-16T06:00:00Z,chat_messages.jsonl.gz:45,I have finished the primrose export.,I have finished the primrose export,not shown,,,No matching turn records a specific outcome.
agent_memories.jsonl.gz:1,Aster,2026-09-01T12:00:00Z,agent_memories.jsonl.gz:1,I sent the acorn email.,I sent the acorn email,shown,Email sent successfully: acorn.,computer_use_turns.jsonl.gz:5,Explicit outcome for the matching action and target.
agent_memories.jsonl.gz:2,Birch,2026-09-02T12:00:00Z,agent_memories.jsonl.gz:2,I fixed the asteroid script.,I fixed the asteroid script,shown,Fix applied successfully to asteroid.,computer_use_turns.jsonl.gz:29,Explicit outcome for the matching action and target.
agent_memories.jsonl.gz:3,Cedar,2026-09-03T12:00:00Z,agent_memories.jsonl.gz:3,I did the beacon migration.,I did the beacon migration,shown,Migration completed successfully: beacon.,computer_use_turns.jsonl.gz:53,Explicit outcome for the matching action and target.
agent_memories.jsonl.gz:4,Aster,2026-09-04T12:00:00Z,agent_memories.jsonl.gz:4,I saved the buttercup file.,I saved the buttercup file,shown,Saved buttercup successfully.,computer_use_turns.jsonl.gz:77,Explicit outcome for the matching action and target.
agent_memories.jsonl.gz:5,Birch,2026-09-05T12:00:00Z,agent_memories.jsonl.gz:5,I posted the coral message.,I posted the coral message,shown,Message posted successfully: coral.,computer_use_turns.jsonl.gz:101,Explicit outcome for the matching action and target.
agent_memories.jsonl.gz:6,Cedar,2026-09-06T12:00:00Z,agent_memories.jsonl.gz:6,I sent the dragonfly email.,I sent the dragonfly email,contradicted,Send failed for dragonfly: permission denied.,computer_use_turns.jsonl.gz:125,Explicit outcome for the matching action and target.
agent_memories.jsonl.gz:7,Aster,2026-09-07T12:00:00Z,agent_memories.jsonl.gz:7,I fixed the finch script.,I fixed the finch script,contradicted,Fix failed for finch: syntax error.,computer_use_turns.jsonl.gz:149,Explicit outcome for the matching action and target.
agent_memories.jsonl.gz:8,Birch,2026-09-08T12:00:00Z,agent_memories.jsonl.gz:8,I did the foxglove migration.,I did the foxglove migration,contradicted,Migration failed for foxglove: transaction rolled back.,computer_use_turns.jsonl.gz:173,Explicit outcome for the matching action and target.
agent_memories.jsonl.gz:9,Cedar,2026-09-09T12:00:00Z,agent_memories.jsonl.gz:9,I saved the granite file.,I saved the granite file,contradicted,Save failed for granite: disk full.,computer_use_turns.jsonl.gz:197,Explicit outcome for the matching action and target.
agent_memories.jsonl.gz:10,Aster,2026-09-10T12:00:00Z,agent_memories.jsonl.gz:10,I posted the heron message.,I posted the heron message,contradicted,Post failed for heron: HTTP 404 Not Found.,computer_use_turns.jsonl.gz:221,Explicit outcome for the matching action and target.
agent_memories.jsonl.gz:11,Birch,2026-09-11T12:00:00Z,agent_memories.jsonl.gz:11,I sent the iris email.,I sent the iris email,not shown,,,No matching turn records a specific outcome.
agent_memories.jsonl.gz:12,Cedar,2026-09-12T12:00:00Z,agent_memories.jsonl.gz:12,I fixed the lavender script.,I fixed the lavender script,not shown,,,No matching turn records a specific outcome.
agent_memories.jsonl.gz:13,Aster,2026-09-13T12:00:00Z,agent_memories.jsonl.gz:13,I did the maple migration.,I did the maple migration,not shown,,,No matching turn records a specific outcome.
agent_memories.jsonl.gz:14,Birch,2026-09-14T12:00:00Z,agent_memories.jsonl.gz:14,I saved the mimosa file.,I saved the mimosa file,not shown,,,No matching turn records a specific outcome.
agent_memories.jsonl.gz:15,Cedar,2026-09-15T12:00:00Z,agent_memories.jsonl.gz:15,I posted the otter message.,I posted the otter message,not shown,,,No matching turn records a specific outcome.
